链接,姓名拼写,姓名
"http://grzy.cug.edu.cn/liuxiuguo/zh_CN/index.htm"">刘修国</a></h2>
                        <span class=""tags""><a>教授</a>, <a>博士生导师</a></span>
                    </div>
                </div>
            </div>
        </div>
    </div>
    <div class=""col-lg-3 col-md-4 col-sm-6 mix 地理学"" data-dateorder=""3"" data-nameorder=""1"">
        <div class=""media-item"" style=""opacity: 1;"">
            <div class=""media-image"">
                <img alt="""" src=""/__local/F/0C/94/4B9E25D8030A6186FE03B26CF00_EF7755F5_A26E.jpg"">
            </div>
            <div class=""media-info"">
                <div class=""media-header"">
                    <div class=""media-caption"">
                        <h2><a href=""http://grzy.cug.edu.cn/huchaoyong"">胡超涌</a></h2>
                        <span class=""tags""><a>教授</a>, <a>博士生导师</a></span>
                    </div>
                </div>
            </div>
        </div>
    </div>
    <div class=""col-lg-3 col-md-4 col-sm-6 mix 测绘科学与技术"" data-dateorder=""3"" data-nameorder=""1"">
        <div class=""media-item"" style=""opacity: 1;"">
            <div class=""media-image"">
                <img alt="""" src=""/__local/3/00/3C/A6E46E869795FE903316DCBD7F4_317318F0_3FD5.jpg"">
            </div>
            <div class=""media-info"">
                <div class=""media-header"">
                    <div class=""media-caption"">
                        <h2><a href=""http://grzy.cug.edu.cn/zhoushunping"">周顺平</a></h2>
                        <span class=""tags""><a>教授</a>, <a>博士生导师</a></span>
                    </div>
                </div>
            </div>
        </div>
    </div>
    <div class=""col-lg-3 col-md-4 col-sm-6 mix 地理学"" data-dateorder=""3"" data-nameorder=""1"">
        <div class=""media-item"" style=""opacity: 1;"">
            <div class=""media-image"">
                <img alt="""" src=""/__local/4/1D/AA/7948D8E9323781AEA460F272483_EA238D94_440A.jpg"">
            </div>
            <div class=""media-info"">
                <div class=""media-header"">
                    <div class=""media-caption"">
                        <h2><a href=""http://grzy.cug.edu.cn/wanglunche/"">王伦澈</a></h2>
                        <span class=""tags""><a>教授</a>, <a>博士生导师</a></span>
                    </div>
                </div>
            </div>
        </div>
    </div>
    <div class=""col-lg-3 col-md-4 col-sm-6 mix 测绘科学与技术"" data-dateorder=""3"" data-nameorder=""1"">
        <div class=""media-item"" style=""opacity: 1;"">
            <div class=""media-image"">
                <img alt="""" src=""/__local/B/A4/BA/08D56D1C90E00565DA5890D7741_1DDADB7B_4EB5.jpg"">
            </div>
            <div class=""media-info"">
                <div class=""media-header"">
                    <div class=""media-caption"">
                        <h2><a href=""http://grzy.cug.edu.cn/huyoujian/zh_CN/index.htm"">胡友健</a></h2>
                        <span class=""tags""><a>教授</a>, <a>博士生导师</a></span>
                    </div>
                </div>
            </div>
        </div>
    </div>
    <div class=""col-lg-3 col-md-4 col-sm-6 mix 地理学"" data-dateorder=""3"" data-nameorder=""1"">
        <div class=""media-item"" style=""opacity: 1;"">
            <div class=""media-image"">
                <img alt="""" src=""/__local/6/FD/DA/26B1754BEE8F0EFA702E5846FB9_3119FBB5_ACED.jpg"">
            </div>
            <div class=""media-info"">
                <div class=""media-header"">
                    <div class=""media-caption"">
                        <h2><a href=""http://grzy.cug.edu.cn/chennengcheng/"">陈能成</a></h2>
                        <span class=""tags""><a>教授</a>, <a>博士生导师</a></span>
                    </div>
                </div>
            </div>
        </div>
    </div>
    <div class=""col-lg-3 col-md-4 col-sm-6 mix 地理学"" data-dateorder=""3"" data-nameorder=""1"">
        <div class=""media-item"" style=""opacity: 1;"">
            <div class=""media-image"">
                <img alt="""" src=""/__local/9/12/FB/18AAC5525915EC4948D0A5327A8_CB6699B7_B3A2.jpg"">
            </div>
            <div class=""media-info"">
                <div class=""media-header"">
                    <div class=""media-caption"">
                        <h2><a href=""http://grzy.cug.edu.cn/taomh/zh_CN"">陶明辉</a></h2>
                        <span class=""tags""><a>教授</a>, <a>博士生导师</a></span>
                    </div>
                </div>
            </div>
        </div>
    </div>
    <div class=""col-lg-3 col-md-4 col-sm-6 mix 地理学"" data-dateorder=""3"" data-nameorder=""1"">
        <div class=""media-item"" style=""opacity: 1;"">
            <div class=""media-image"">
                <img alt="""" src=""/__local/D/25/E9/833F7AC634765B8FC98EDC461F3_1D127E89_49B95.png"">
            </div>
            <div class=""media-info"">
                <div class=""media-header"">
                    <div class=""media-caption"">
                        <h2><a href=""http://grzy.cug.edu.cn/huangxianyu/"">黄咸雨</a></h2>
                        <span class=""tags""><a>教授</a>, <a>博士生导师</a></span>
                    </div>
                </div>
            </div>
        </div>
    </div>
    <div class=""col-lg-3 col-md-4 col-sm-6 mix 地理学"" data-dateorder=""3"" data-nameorder=""1"">
        <div class=""media-item"" style=""opacity: 1;"">
            <div class=""media-image"">
                <img alt="""" src=""/__local/4/18/0E/F2DD7315152F289AC99C26F71B1_8D3EE121_44EA9.png"">
            </div>
            <div class=""media-info"">
                <div class=""media-header"">
                    <div class=""media-caption"">
                        <h2><a href=""http://grzy.cug.edu.cn/wangyi2/zh_CN/index.htm"">王轶</a></h2>
                        <span class=""tags""><a>教授</a>, <a>博士生导师</a></span>
                    </div>
                </div>
            </div>
        </div>
    </div>
    <div class=""col-lg-3 col-md-4 col-sm-6 mix 地理学"" data-dateorder=""3"" data-nameorder=""1"">
        <div class=""media-item"" style=""opacity: 1;"">
            <div class=""media-image"">
                <img alt="""" src=""/__local/E/4C/11/A9E2A24F36373F6733A994F65B3_0B8330C0_C87C.jpg"">
            </div>
            <div class=""media-info"">
                <div class=""media-header"">
                    <div class=""media-caption"">
                        <h2><a href=""http://grzy.cug.edu.cn/chenxu"">陈旭</a></h2>
                        <span class=""tags""><a>教授</a>, <a>硕士生导师</a></span>
                    </div>
                </div>
            </div>
        </div>
    </div>
    <div class=""col-lg-3 col-md-4 col-sm-6 mix 软件工程"" data-dateorder=""3"" data-nameorder=""1"">
        <div class=""media-item"" style=""opacity: 1;"">
            <div class=""media-image"">
                <img alt="""" src=""/__local/4/5C/DF/EDE933A31094DB90BDFDF6AF57A_108960F8_11BB9.jpg"">
            </div>
            <div class=""media-info"">
                <div class=""media-header"">
                    <div class=""media-caption"">
                        <h2><a href=""http://grzy.cug.edu.cn/shangjianga"">尚建嘎</a></h2>
                        <span class=""tags""><a>教授</a>, <a>博士生导师</a></span>
                    </div>
                </div>
            </div>
        </div>
    </div>
    <div class=""col-lg-3 col-md-4 col-sm-6 mix 软件工程"" data-dateorder=""3"" data-nameorder=""1"">
        <div class=""media-item"" style=""opacity: 1;"">
            <div class=""media-image"">
                <img alt="""" src=""/__local/5/88/31/D958E73ED0A0E24EA085CFF08D7_25B3E71C_9C40.jpg"">
            </div>
            <div class=""media-info"">
                <div class=""media-header"">
                    <div class=""media-caption"">
                        <h2><a href=""http://grzy.cug.edu.cn/yangchuncheng/zh_CN/index.htm"">杨春成</a></h2>
                        <span class=""tags""><a>研究员</a>, <a>博士生导师</a></span>
                    </div>
                </div>
            </div>
        </div>
    </div>
    <div class=""col-lg-3 col-md-4 col-sm-6 mix 软件工程"" data-dateorder=""3"" data-nameorder=""1"">
        <div class=""media-item"" style=""opacity: 1;"">
            <div class=""media-image"">
                <img alt="""" src=""/__local/9/EF/D9/7AE44A2BFE79D03603821E4E8C3_03B46BC3_63A7C.png"">
            </div>
            <div class=""media-info"">
                <div class=""media-header"">
                    <div class=""media-caption"">
                        <h2><a href=""http://grzy.cug.edu.cn/luozhongwen/zh_CN/index.htm"">罗忠文</a></h2>
                        <span class=""tags""><a>教授</a>, <a>硕士生导师</a></span>
                    </div>
                </div>
            </div>
        </div>
    </div>
    <div class=""col-lg-3 col-md-4 col-sm-6 mix 地理学"" data-dateorder=""3"" data-nameorder=""1"">
        <div class=""media-item"" style=""opacity: 1;"">
            <div class=""media-image"">
                <img alt="""" src=""/__local/D/FC/7F/A6561AF840FBDFF40E36083B3B6_0A06502B_8BDAE.png"">
            </div>
            <div class=""media-info"">
                <div class=""media-header"">
                    <div class=""media-caption"">
                        <h2><a href=""http://grzy.cug.edu.cn/penghongxia/zh_CN/index.htm"">彭红霞</a></h2>
                        <span class=""tags""><a>教授</a>, <a>硕士生导师</a></span>
                    </div>
                </div>
            </div>
        </div>
    </div>
    <div class=""col-lg-3 col-md-4 col-sm-6 mix 地理学"" data-dateorder=""3"" data-nameorder=""1"">
        <div class=""media-item"" style=""opacity: 1;"">
            <div class=""media-image"">
                <img alt="""" src=""/__local/2/47/B3/FC56C1984C4048517D10EADE39A_E9CD883D_ABE1.jpg"">
            </div>
            <div class=""media-info"">
                <div class=""media-header"">
                    <div class=""media-caption"">
                        <h2><a href=""http://grzy.cug.edu.cn/caoqian/zh_CN/index.htm"">曹茜</a></h2>
                        <span class=""tags""><a>教授</a>, <a>硕士生导师</a></span>
                    </div>
                </div>
            </div>
        </div>
    </div>
    <div class=""col-lg-3 col-md-4 col-sm-6 mix 地理学"" data-dateorder=""3"" data-nameorder=""1"">
        <div class=""media-item"" style=""opacity: 1;"">
            <div class=""media-image"">
                <img alt="""" src=""/__local/F/0C/F5/51417D4CE38BBDD850A4E82B0A9_6123075E_3484C.png"">
            </div>
            <div class=""media-info"">
                <div class=""media-header"">
                    <div class=""media-caption"">
                        <h2><a href=""http://grzy.cug.edu.cn/chenzeqiang"">陈泽强</a></h2>
                        <span class=""tags""><a>教授</a>, <a>博士生导师</a></span>
                    </div>
                </div>
            </div>
        </div>
    </div>
    <div class=""col-lg-3 col-md-4 col-sm-6 mix 地理学"" data-dateorder=""3"" data-nameorder=""1"">
        <div class=""media-item"" style=""opacity: 1;"">
            <div class=""media-image"">
                <img alt="""" src=""/__local/7/85/B3/E8C794A47B30E3058A848A793BD_662C0B8F_2AD8D.png"">
            </div>
            <div class=""media-info"">
                <div class=""media-header"">
                    <div class=""media-caption"">
                        <h2><a href=""http://grzy.cug.edu.cn/luozengliang"">罗增良</a></h2>
                        <span class=""tags""><a>教授</a>, <a>博士生导师</a></span>
                    </div>
                </div>
            </div>
        </div>
    </div>
    <div class=""col-lg-3 col-md-4 col-sm-6 mix 地理学"" data-dateorder=""3"" data-nameorder=""1"">
        <div class=""media-item"" style=""opacity: 1;"">
            <div class=""media-image"">
                <img alt="""" src=""/__local/7/F8/52/951DF2063FB7A5EE15FE0046F41_51D1A95C_39623.png"">
            </div>
            <div class=""media-info"">
                <div class=""media-header"">
                    <div class=""media-caption"">
                        <h2><a href=""http://grzy.cug.edu.cn/songxiaoqing"">宋小青</a></h2>
                        <span class=""tags""><a>副教授</a>, <a>博士生导师</a></span>
                    </div>
                </div>
            </div>
        </div>
    </div>
    <div class=""col-lg-3 col-md-4 col-sm-6 mix 地理学"" data-dateorder=""3"" data-nameorder=""1"">
        <div class=""media-item"" style=""opacity: 1;"">
            <div class=""media-image"">
                <img alt="""" src=""/__local/D/71/51/117CB2110FDD1557D0E974405CF_3C04DB1A_6F1F4.png"">
            </div>
            <div class=""media-info"">
                <div class=""media-header"">
                    <div class=""media-caption"">
                        <h2><a href=""http://grzy.cug.edu.cn/houlinchun/zh_CN/index.htm"">侯林春</a></h2>
                        <span class=""tags""><a>副教授</a>, <a>硕士生导师</a></span>
                    </div>
                </div>
            </div>
        </div>
    </div>
    <div class=""col-lg-3 col-md-4 col-sm-6 mix 地理学"" data-dateorder=""3"" data-nameorder=""1"">
        <div class=""media-item"" style=""opacity: 1;"">
            <div class=""media-image"">
                <img alt="""" src=""/__local/6/92/A4/525EFBAD8B7D7269A82DC13F72D_FD5589DC_63DDE.png"">
            </div>
            <div class=""media-info"">
                <div class=""media-header"">
                    <div class=""media-caption"">
                        <h2><a href=""http://grzy.cug.edu.cn/yanghuan/zh_CN/index.htm"">杨欢</a></h2>
                        <span class=""tags""><a>副教授</a>, <a>硕士生导师</a></span>
                    </div>
                </div>
            </div>
        </div>
    </div>
    <div class=""col-lg-3 col-md-4 col-sm-6 mix 地理学"" data-dateorder=""3"" data-nameorder=""1"">
        <div class=""media-item"" style=""opacity: 1;"">
            <div class=""media-image"">
                <img alt="""" src=""/__local/1/72/C3/6420A28DF35F0259D6DA2A931FA_245A3FAB_88CA1.png"">
            </div>
            <div class=""media-info"">
                <div class=""media-header"">
                    <div class=""media-caption"">
                        <h2><a href=""http://grzy.cug.edu.cn/huangchunbo/zh_CN/index.htm"">黄春波</a></h2>
                        <span class=""tags""><a>副教授</a>, <a>硕士生导师</a></span>
                    </div>
                </div>
            </div>
        </div>
    </div>
    <div class=""col-lg-3 col-md-4 col-sm-6 mix 测绘科学与技术"" data-dateorder=""3"" data-nameorder=""1"">
        <div class=""media-item"" style=""opacity: 1;"">
            <div class=""media-image"">
                <img alt="""" src=""/__local/7/B9/B8/4CC3A23BC2F4DEFAF3F8492E8BE_0586C90B_4E8FC.png"">
            </div>
            <div class=""media-info"">
                <div class=""media-header"">
                    <div class=""media-caption"">
                        <h2><a href=""http://grzy.cug.edu.cn/lvjianjun/zh_CN/index.htm"">吕建军</a></h2>
                        <span class=""tags""><a>教授</a>, <a>硕士生导师</a></span>
                    </div>
                </div>
            </div>
        </div>
    </div>
    <div class=""col-lg-3 col-md-4 col-sm-6 mix 测绘科学与技术"" data-dateorder=""3"" data-nameorder=""1"">
        <div class=""media-item"" style=""opacity: 1;"">
            <div class=""media-image"">
                <img alt="""" src=""/__local/3/4C/3F/1DCD1A15FF13AC603F2D882DB4D_43F8BDF0_1D021.jpg"">
            </div>
            <div class=""media-info"">
                <div class=""media-header"">
                    <div class=""media-caption"">
                        <h2><a href=""http://grzy.cug.edu.cn/chenzhanlong"">陈占龙</a></h2>
                        <span class=""tags""><a>教授</a>, <a>博士生导师</a></span>
                    </div>
                </div>
            </div>
        </div>
    </div>
    <div class=""col-lg-3 col-md-4 col-sm-6 mix 测绘科学与技术"" data-dateorder=""3"" data-nameorder=""1"">
        <div class=""media-item"" style=""opacity: 1;"">
            <div class=""media-image"">
                <img alt="""" src=""/__local/C/76/B0/F4624C97006EDF9998CF717B9C0_7F9607F2_2EEA6.jpg"">
            </div>
            <div class=""media-info"">
                <div class=""media-header"">
                    <div class=""media-caption"">
                        <h2><a href=""http://grzy.cug.edu.cn/wuliang"">吴亮</a></h2>
                        <span class=""tags""><a>教授</a>, <a>博士生导师</a></span>
                    </div>
                </div>
            </div>
        </div>
    </div>
    <div class=""col-lg-3 col-md-4 col-sm-6 mix 软件工程"" data-dateorder=""3"" data-nameorder=""1"">
        <div class=""media-item"" style=""opacity: 1;"">
            <div class=""media-image"">
                <img alt="""" src=""/__local/7/83/BC/319E66C906C7AE1E0CA8FE6141D_E9D33E6B_35334.jpg"">
            </div>
            <div class=""media-info"">
                <div class=""media-header"">
                    <div class=""media-caption"">
                        <h2><a href=""http://grzy.cug.edu.cn/djz"">张德军</a></h2>
                        <span class=""tags""><a>副教授</a>, <a>硕士生导师</a></span>
                    </div>
                </div>
            </div>
        </div>
    </div>
    <div class=""col-lg-3 col-md-4 col-sm-6 mix 软件工程"" data-dateorder=""3"" data-nameorder=""1"">
        <div class=""media-item"" style=""opacity: 1;"">
            <div class=""media-image"">
                <img alt="""" src=""/__local/A/D6/8B/27DB531287B5CE283C26A7DE13A_6A07B2DC_93779.png"">
            </div>
            <div class=""media-info"">
                <div class=""media-header"">
                    <div class=""media-caption"">
                        <h2><a href=""http://grzy.cug.edu.cn/ZhengLiu/zh_CN/index.htm"">刘郑</a></h2>
                        <span class=""tags""><a>副教授</a>, <a>硕士生导师</a></span>
                    </div>
                </div>
            </div>
        </div>
    </div>
    <div class=""col-lg-3 col-md-4 col-sm-6 mix 测绘科学与技术"" data-dateorder=""3"" data-nameorder=""1"">
        <div class=""media-item"" style=""opacity: 1;"">
            <div class=""media-image"">
                <img alt="""" src=""/__local/E/76/30/7FBC44A867A54CC05A93435B571_47BBBBC7_1702A.jpg"">
            </div>
            <div class=""media-info"">
                <div class=""media-header"">
                    <div class=""media-caption"">
                        <h2><a href=""http://grzy.cug.edu.cn/guanqf/zh_CN/index.htm"">关庆锋</a></h2>
                        <span class=""tags""><a>教授</a>, <a>博士生导师</a></span>
                    </div>
                </div>
            </div>
        </div>
    </div>
    <div class=""col-lg-3 col-md-4 col-sm-6 mix 软件工程"" data-dateorder=""3"" data-nameorder=""1"">
        <div class=""media-item"" style=""opacity: 1;"">
            <div class=""media-image"">
                <img alt="""" src=""/__local/6/4A/1C/0784AA67873860691733EFCFB38_D3E9EF6B_C951.jpg"">
            </div>
            <div class=""media-info"">
                <div class=""media-header"">
                    <div class=""media-caption"">
                        <h2><a href=""http://grzy.cug.edu.cn/daiwenxia/zh_CN/index.htm"">代文霞</a></h2>
                        <span class=""tags""><a>副教授</a>, <a>硕士生导师</a></span>
                    </div>
                </div>
            </div>
        </div>
    </div>
    <div class=""col-lg-3 col-md-4 col-sm-6 mix 测绘科学与技术"" data-dateorder=""3"" data-nameorder=""1"">
        <div class=""media-item"" style=""opacity: 1;"">
            <div class=""media-image"">
                <img alt="""" src=""/__local/4/E9/65/4F9D97B928FC380854B8603C668_C1CA78F5_F191.jpg"">
            </div>
            <div class=""media-info"">
                <div class=""media-header"">
                    <div class=""media-caption"">
                        <h2><a href=""http://grzy.cug.edu.cn/panxiong"">潘雄</a></h2>
                        <span class=""tags""><a>教授</a>, <a>硕士生导师</a></span>
                    </div>
                </div>
            </div>
        </div>
    </div>
    <div class=""col-lg-3 col-md-4 col-sm-6 mix 测绘科学与技术"" data-dateorder=""3"" data-nameorder=""1"">
        <div class=""media-item"" style=""opacity: 1;"">
            <div class=""media-image"">
                <img alt="""" src=""/__local/E/03/0F/DBC1C1A96D32F9DFB86C7AB69EA_5D096CD6_ABE18.png"">
            </div>
            <div class=""media-info"">
                <div class=""media-header"">
                    <div class=""media-caption"">
                        <h2><a href=""http://grzy.cug.edu.cn/xujingtian/zh_CN/index.htm"">徐景田</a></h2>
                        <span class=""tags""><a>教授</a>, <a>硕士生导师</a></span>
                    </div>
                </div>
            </div>
        </div>
    </div>
    <div class=""col-lg-3 col-md-4 col-sm-6 mix 测绘科学与技术"" data-dateorder=""3"" data-nameorder=""1"">
        <div class=""media-item"" style=""opacity: 1;"">
            <div class=""media-image"">
                <img alt="""" src=""/__local/3/77/F0/7241BA0E07FE4CE7182912D12AA_11D338DA_AEBF8.png"">
            </div>
            <div class=""media-info"">
                <div class=""media-header"">
                    <div class=""media-caption"">
                        <h2><a href=""http://grzy.cug.edu.cn/huangying/zh_CN/index.htm"">黄鹰</a></h2>
                        <span class=""tags""><a>教授</a>, <a>硕士生导师</a></span>
                    </div>
                </div>
            </div>
        </div>
    </div>
    <div class=""col-lg-3 col-md-4 col-sm-6 mix 测绘科学与技术"" data-dateorder=""3"" data-nameorder=""1"">
        <div class=""media-item"" style=""opacity: 1;"">
            <div class=""media-image"">
                <img alt="""" src=""/__local/4/4A/60/5EDE86A706541FA19D5F11D6187_E09316AB_64436.png"">
            </div>
            <div class=""media-info"">
                <div class=""media-header"">
                    <div class=""media-caption"">
                        <h2><a href=""http://grzy.cug.edu.cn/zengwen"">曾文</a></h2>
                        <span class=""tags""><a>教授</a>, <a>博士生导师</a></span>
                    </div>
                </div>
            </div>
        </div>
    </div>
    <div class=""col-lg-3 col-md-4 col-sm-6 mix 测绘科学与技术"" data-dateorder=""3"" data-nameorder=""1"">
        <div class=""media-item"" style=""opacity: 1;"">
            <div class=""media-image"">
                <img alt="""" src=""/__local/E/EE/5D/A6539AC8B536903196091C6111E_7D0D41E0_425D1.png"">
            </div>
            <div class=""media-info"">
                <div class=""media-header"">
                    <div class=""media-caption"">
                        <h2><a href=""http://grzy.cug.edu.cn/fanwenyou/zh_CN/index.htm"">樊文有</a></h2>
                        <span class=""tags""><a>教授</a>, <a>硕士生导师</a></span>
                    </div>
                </div>
            </div>
        </div>
    </div>
    <div class=""col-lg-3 col-md-4 col-sm-6 mix 测绘科学与技术"" data-dateorder=""3"" data-nameorder=""1"">
        <div class=""media-item"" style=""opacity: 1;"">
            <div class=""media-image"">
                <img alt="""" src=""/__local/5/EA/FC/857FE6E9F2552204C2612404529_16C0BD33_500F.jpg"">
            </div>
            <div class=""media-info"">
                <div class=""media-header"">
                    <div class=""media-caption"">
                        <h2><a href=""http://grzy.cug.edu.cn/xiezhong"">谢忠</a></h2>
                        <span class=""tags""><a>教授</a>, <a>博士生导师</a></span>
                    </div>
                </div>
            </div>
        </div>
    </div>
    <div class=""col-lg-3 col-md-4 col-sm-6 mix 测绘科学与技术"" data-dateorder=""3"" data-nameorder=""1"">
        <div class=""media-item"" style=""opacity: 1;"">
            <div class=""media-image"">
                <img alt="""" src=""/__local/0/EC/74/2E70F16C2EDFDA27F17105D2EEB_DBB992D0_B6EC.jpg"">
            </div>
            <div class=""media-info"">
                <div class=""media-header"">
                    <div class=""media-caption"">
                        <h2><a href=""http://grzy.cug.edu.cn/zhengguizhou"">郑贵洲</a></h2>
                        <span class=""tags""><a>教授</a>, <a>硕士生导师</a></span>
                    </div>
                </div>
            </div>
        </div>
    </div>
    <div class=""col-lg-3 col-md-4 col-sm-6 mix 地理学"" data-dateorder=""3"" data-nameorder=""1"">
        <div class=""media-item"" style=""opacity: 1;"">
            <div class=""media-image"">
                <img alt="""" src=""/__local/2/A2/20/B3B558D10FC042BAC3B65C34272_F40C2313_42EBC.png"">
            </div>
            <div class=""media-info"">
                <div class=""media-header"">
                    <div class=""media-caption"">
                        <h2><a href=""http://grzy.cug.edu.cn/zhaoguosong/zh_CN/index.htm"">赵国松</a></h2>
                        <span class=""tags""><a>副教授</a>, <a>硕士生导师</a></span>
                    </div>
                </div>
            </div>
        </div>
    </div>
    <div class=""col-lg-3 col-md-4 col-sm-6 mix 地理学"" data-dateorder=""3"" data-nameorder=""1"">
        <div class=""media-item"" style=""opacity: 1;"">
            <div class=""media-image"">
                <img alt="""" src=""/__local/E/4A/B1/D03D440DE6341684CD72401A28E_1FBEE450_10734.jpg"">
            </div>
            <div class=""media-info"">
                <div class=""media-header"">
                    <div class=""media-caption"">
                        <h2><a href=""http://grzy.cug.edu.cn/fenglan/zh_CN/index.htm"">冯岚</a></h2>
                        <span class=""tags""><a>副教授</a>, <a>硕士生导师</a></span>
                    </div>
                </div>
            </div>
        </div>
    </div>
    <div class=""col-lg-3 col-md-4 col-sm-6 mix 地理学"" data-dateorder=""3"" data-nameorder=""1"">
        <div class=""media-item"" style=""opacity: 1;"">
            <div class=""media-image"">
                <img alt="""" src=""/__local/0/42/FF/C268B5A9272FF6F91C3EB57A0BE_8973FFD7_D0EA6.png"">
            </div>
            <div class=""media-info"">
                <div class=""media-header"">
                    <div class=""media-caption"">
                        <h2><a href=""http://grzy.cug.edu.cn/zhangxubing"">张绪冰</a></h2>
                        <span class=""tags""><a>副教授</a>, <a>博士生导师</a></span>
                    </div>
                </div>
            </div>
        </div>
    </div>
    <div class=""col-lg-3 col-md-4 col-sm-6 mix 地理学"" data-dateorder=""3"" data-nameorder=""1"">
        <div class=""media-item"" style=""opacity: 1;"">
            <div class=""media-image"">
                <img alt="""" src=""/__local/9/EE/2A/18C1916AFB58F1582B641A17535_AD8D358C_2CF9B.png"">
            </div>
            <div class=""media-info"">
                <div class=""media-header"">
                    <div class=""media-caption"">
                        <h2><a href=""http://grzy.cug.edu.cn/chenwanxu/zh_CN"">陈万旭</a></h2>
                        <span class=""tags""><a>副教授</a>, <a>硕士生导师</a></span>
                    </div>
                </div>
            </div>
        </div>
    </div>
    <div class=""col-lg-3 col-md-4 col-sm-6 mix 测绘科学与技术"" data-dateorder=""3"" data-nameorder=""1"">
        <div class=""media-item"" style=""opacity: 1;"">
            <div class=""media-image"">
                <img alt="""" src=""/__local/D/02/A9/4FFA7B7ACEBB18CC1B5418332D4_1DCF2969_A45CC.png"">
            </div>
            <div class=""media-info"">
                <div class=""media-header"">
                    <div class=""media-caption"">
                        <h2><a href=""http://grzy.cug.edu.cn/wanbo"">万波</a></h2>
                        <span class=""tags""><a>教授</a>, <a>博士生导师</a></span>
                    </div>
                </div>
            </div>
        </div>
    </div>
    <div class=""col-lg-3 col-md-4 col-sm-6 mix 地理学"" data-dateorder=""3"" data-nameorder=""1"">
        <div class=""media-item"" style=""opacity: 1;"">
            <div class=""media-image"">
                <img alt="""" src=""/__local/2/37/3F/F8DCDE6A9D8D4B33EC33CF02E33_20BEB043_8F5B5.png"">
            </div>
            <div class=""media-info"">
                <div class=""media-header"">
                    <div class=""media-caption"">
                        <h2><a href=""http://grzy.cug.edu.cn/wangxu/zh_CN/index.htm"">王旭</a></h2>
                        <span class=""tags""><a>副教授</a>, <a>博士生导师</a></span>
                    </div>
                </div>
            </div>
        </div>
    </div>
    <div class=""col-lg-3 col-md-4 col-sm-6 mix 地理学"" data-dateorder=""3"" data-nameorder=""1"">
        <div class=""media-item"" style=""opacity: 1;"">
            <div class=""media-image"">
                <img alt="""" src=""/__local/E/FD/26/C6A4C2115857E6E571888ED8F93_C365B969_7D817.png"">
            </div>
            <div class=""media-info"">
                <div class=""media-header"">
                    <div class=""media-caption"">
                        <h2><a href=""http://grzy.cug.edu.cn/zhangxiang/zh_CN/"">张翔</a></h2>
                        <span class=""tags""><a>教授</a>, <a>博士生导师</a></span>
                    </div>
                </div>
            </div>
        </div>
    </div>
    <div class=""col-lg-3 col-md-4 col-sm-6 mix 测绘科学与技术"" data-dateorder=""3"" data-nameorder=""1"">
        <div class=""media-item"" style=""opacity: 1;"">
            <div class=""media-image"">
                <img alt="""" src=""/__local/7/99/04/D31A7D48F4B5FF5A4CC461395BD_B4E1785A_51E4.jpg"">
            </div>
            <div class=""media-info"">
                <div class=""media-header"">
                    <div class=""media-caption"">
                        <h2><a href=""http://grzy.cug.edu.cn/yuwenhao"">禹文豪</a></h2>
                        <span class=""tags""><a>教授</a>, <a>博士生导师</a></span>
                    </div>
                </div>
            </div>
        </div>
    </div>
    <div class=""col-lg-3 col-md-4 col-sm-6 mix 地理学"" data-dateorder=""3"" data-nameorder=""1"">
        <div class=""media-item"" style=""opacity: 1;"">
            <div class=""media-image"">
                <img alt="""" src=""/__local/7/C0/8E/7A791496A6BC0FF8A12CA209D26_4E968AAE_9B415.png"">
            </div>
            <div class=""media-info"">
                <div class=""media-header"">
                    <div class=""media-caption"">
                        <h2><a href=""http://grzy.cug.edu.cn/zengjie/zh_CN/index.htm"">曾杰</a></h2>
                        <span class=""tags""><a>讲师</a>, <a>硕士生导师</a></span>
                    </div>
                </div>
            </div>
        </div>
    </div>
    <div class=""col-lg-3 col-md-4 col-sm-6 mix 地理学"" data-dateorder=""3"" data-nameorder=""1"">
        <div class=""media-item"" style=""opacity: 1;"">
            <div class=""media-image"">
                <img alt="""" src=""/__local/8/21/3E/BFA49DBDF43B20EBBA8BC7393E7_5365F2F5_7E5ED.png"">
            </div>
            <div class=""media-info"">
                <div class=""media-header"">
                    <div class=""media-caption"">
                        <h2><a href=""http://grzy.cug.edu.cn/liangxun/zh_CN/index.htm"">梁迅</a></h2>
                        <span class=""tags""><a>教授</a>, <a>硕士生导师</a></span>
                    </div>
                </div>
            </div>
        </div>
    </div>
    <div class=""col-lg-3 col-md-4 col-sm-6 mix 测绘科学与技术"" data-dateorder=""3"" data-nameorder=""1"">
        <div class=""media-item"" style=""opacity: 1;"">
            <div class=""media-image"">
                <img alt="""" src=""/__local/4/CB/80/2E11537AA598133F2A480D0CAC4_5B65BDD8_73349.png"">
            </div>
            <div class=""media-info"">
                <div class=""media-header"">
                    <div class=""media-caption"">
                        <h2><a href=""http://grzy.cug.edu.cn/luoxiangang"">罗显刚</a></h2>
                        <span class=""tags""><a>副教授</a>, <a>博士生导师</a></span>
                    </div>
                </div>
            </div>
        </div>
    </div>
    <div class=""col-lg-3 col-md-4 col-sm-6 mix 测绘科学与技术"" data-dateorder=""3"" data-nameorder=""1"">
        <div class=""media-item"" style=""opacity: 1;"">
            <div class=""media-image"">
                <img alt="""" src=""/__local/2/15/A0/E9F443A00A998BD486F3290D040_81CB4BB4_A092F.png"">
            </div>
            <div class=""media-info"">
                <div class=""media-header"">
                    <div class=""media-caption"">
                        <h2><a href=""http://grzy.cug.edu.cn/pengxing/zh_CN/index.htm"">彭星</a></h2>
                        <span class=""tags""><a>副教授</a>, <a>硕士生导师</a></span>
                    </div>
                </div>
            </div>
        </div>
    </div>
    <div class=""col-lg-3 col-md-4 col-sm-6 mix 测绘科学与技术"" data-dateorder=""3"" data-nameorder=""1"">
        <div class=""media-item"" style=""opacity: 1;"">
            <div class=""media-image"">
                <img alt="""" src=""/__local/4/E2/7F/DED39960A097BDD3EC2CAF3D5D0_42D9B4F6_3091F.png"">
            </div>
            <div class=""media-info"">
                <div class=""media-header"">
                    <div class=""media-caption"">
                        <h2><a href=""http://grzy.cug.edu.cn/zhengmaoteng/zh_CN/index.htm"">郑茂腾</a></h2>
                        <span class=""tags""><a>副研究员</a>, <a>硕士生导师</a></span>
                    </div>
                </div>
            </div>
        </div>
    </div>
    <div class=""col-lg-3 col-md-4 col-sm-6 mix 测绘科学与技术"" data-dateorder=""3"" data-nameorder=""1"">
        <div class=""media-item"" style=""opacity: 1;"">
            <div class=""media-image"">
                <img alt="""" src=""/__local/F/3B/73/95D47CC1EC672C7A2596C0DC655_F1D0A6F3_83E12.png"">
            </div>
            <div class=""media-info"">
                <div class=""media-header"">
                    <div class=""media-caption"">
                        <h2><a href=""http://grzy.cug.edu.cn/qiuqinjun/zh_CN/index.htm"">邱芹军</a></h2>
                        <span class=""tags""><a>副研究员</a>, <a>硕士生导师</a></span>
                    </div>
                </div>
            </div>
        </div>
    </div>
    <div class=""col-lg-3 col-md-4 col-sm-6 mix 测绘科学与技术"" data-dateorder=""3"" data-nameorder=""1"">
        <div class=""media-item"" style=""opacity: 1;"">
            <div class=""media-image"">
                <img alt="""" src=""/__local/4/9A/A4/B5AD1AF638D5526B2088CFDA664_15A672EB_2F416.jpg"">
            </div>
            <div class=""media-info"">
                <div class=""media-header"">
                    <div class=""media-caption"">
                        <h2><a href=""http://grzy.cug.edu.cn/chaoyi/zh_CN/index.htm"">晁怡</a></h2>
                        <span class=""tags""><a>副教授</a>, <a>硕士生导师</a></span>
                    </div>
                </div>
            </div>
        </div>
    </div>
    <div class=""col-lg-3 col-md-4 col-sm-6 mix 地理学"" data-dateorder=""3"" data-nameorder=""1"">
        <div class=""media-item"" style=""opacity: 1;"">
            <div class=""media-image"">
                <img alt="""" src=""/__local/0/99/36/4D638B9CC1653BCEDB5C6D5AF15_F4FE4760_CD987.png"">
            </div>
            <div class=""media-info"">
                <div class=""media-header"">
                    <div class=""media-caption"">
                        <h2><a href=""http://grzy.cug.edu.cn/sunjia/zh_CN/index.htm"">孙嘉</a></h2>
                        <span class=""tags""><a>副教授</a>, <a>硕士生导师</a></span>
                    </div>
                </div>
            </div>
        </div>
    </div>
    <div class=""col-lg-3 col-md-4 col-sm-6 mix 测绘科学与技术"" data-dateorder=""3"" data-nameorder=""1"">
        <div class=""media-item"" style=""opacity: 1;"">
            <div class=""media-image"">
                <img alt="""" src=""/__local/D/3D/A9/3FBED3A3CC2708968A276EF049B_DBF6BDD3_BFC4.jpg"">
            </div>
            <div class=""media-info"">
                <div class=""media-header"">
                    <div class=""media-caption"">
                        <h2><a href=""http://grzy.cug.edu.cn/yangxue1/zh_CN/index.htm"">杨雪</a></h2>
                        <span class=""tags""><a>副教授</a>, <a>硕士生导师</a></span>
                    </div>
                </div>
            </div>
        </div>
    </div>
    <div class=""col-lg-3 col-md-4 col-sm-6 mix 测绘科学与技术"" data-dateorder=""3"" data-nameorder=""1"">
        <div class=""media-item"" style=""opacity: 1;"">
            <div class=""media-image"">
                <img alt="""" src=""/__local/F/97/B8/0D9CC19B71BCFA5578CD0E111F5_1C2C522B_11EE4.jpg"">
            </div>
            <div class=""media-info"">
                <div class=""media-header"">
                    <div class=""media-caption"">
                        <h2><a href=""http://grzy.cug.edu.cn/zhongyulong/zh_CN/index.htm"">钟玉龙</a></h2>
                        <span class=""tags""><a>讲师</a>, <a>硕士生导师</a></span>
                    </div>
                </div>
            </div>
        </div>
    </div>
    <div class=""col-lg-3 col-md-4 col-sm-6 mix 测绘科学与技术"" data-dateorder=""3"" data-nameorder=""1"">
        <div class=""media-item"" style=""opacity: 1;"">
            <div class=""media-image"">
                <img alt="""" src=""/__local/5/69/73/3672A6FC485F2BE72CB1327C9DE_41239223_82433.png"">
            </div>
            <div class=""media-info"">
                <div class=""media-header"">
                    <div class=""media-caption"">
                        <h2><a href=""http://grzy.cug.edu.cn/zhouqi/zh_CN/index.htm"">周琪</a></h2>
                        <span class=""tags""><a>副教授</a>, <a>硕士生导师</a></span>
                    </div>
                </div>
            </div>
        </div>
    </div>
    <div class=""col-lg-3 col-md-4 col-sm-6 mix 测绘科学与技术"" data-dateorder=""3"" data-nameorder=""1"">
        <div class=""media-item"" style=""opacity: 1;"">
            <div class=""media-image"">
                <img alt="""" src=""/__local/6/DA/BF/9376D8FDB4AD2D6415EDD4C8BDA_19DF324C_810E8.png"">
            </div>
            <div class=""media-info"">
                <div class=""media-header"">
                    <div class=""media-caption"">
                        <h2><a href=""http://grzy.cug.edu.cn/gongjunfang "">龚君芳</a></h2>
                        <span class=""tags""><a>副教授</a>, <a>硕士生导师</a></span>
                    </div>
                </div>
            </div>
        </div>
    </div>
    <div class=""col-lg-3 col-md-4 col-sm-6 mix 测绘科学与技术"" data-dateorder=""3"" data-nameorder=""1"">
        <div class=""media-item"" style=""opacity: 1;"">
            <div class=""media-image"">
                <img alt="""" src=""/__local/7/52/BF/6A013B75FE4F5F41D6CF0C01784_38C67B98_90F7.jpg"">
            </div>
            <div class=""media-info"">
                <div class=""media-header"">
                    <div class=""media-caption"">
                        <h2><a href=""http://grzy.cug.edu.cn/zhang_wei/zh_CN/index.htm"">张唯</a></h2>
                        <span class=""tags""><a>副教授</a>, <a>硕士生导师</a></span>
                    </div>
                </div>
            </div>
        </div>
    </div>
    <div class=""col-lg-3 col-md-4 col-sm-6 mix 测绘科学与技术"" data-dateorder=""3"" data-nameorder=""1"">
        <div class=""media-item"" style=""opacity: 1;"">
            <div class=""media-image"">
                <img alt="""" src=""/__local/1/F2/36/A58D828000E9800247E100659A0_4309B11F_7378C.png"">
            </div>
            <div class=""media-info"">
                <div class=""media-header"">
                    <div class=""media-caption"">
                        <h2><a href=""http://grzy.cug.edu.cn/shangguanming/zh_CN/index.htm"">上官明</a></h2>
                        <span class=""tags""><a>副教授</a>, <a>硕士生导师</a></span>
                    </div>
                </div>
            </div>
        </div>
    </div>
    <div class=""col-lg-3 col-md-4 col-sm-6 mix 测绘科学与技术"" data-dateorder=""3"" data-nameorder=""1"">
        <div class=""media-item"" style=""opacity: 1;"">
            <div class=""media-image"">
                <img alt="""" src=""/__local/F/2A/37/0396047B22AC55798680E9FA0AE_C2F7984F_24A0F.jpg"">
            </div>
            <div class=""media-info"">
                <div class=""media-header"">
                    <div class=""media-caption"">
                        <h2><a href=""http://grzy.cug.edu.cn/xuzhanya"">徐战亚</a></h2>
                        <span class=""tags""><a>副教授</a>, <a>硕士生导师</a></span>
                    </div>
                </div>
            </div>
        </div>
    </div>
    <div class=""col-lg-3 col-md-4 col-sm-6 mix 测绘科学与技术"" data-dateorder=""3"" data-nameorder=""1"">
        <div class=""media-item"" style=""opacity: 1;"">
            <div class=""media-image"">
                <img alt="""" src=""/__local/4/FE/D0/2DF2B3DA315544610383351E955_CCDA37AF_16C06.jpg"">
            </div>
            <div class=""media-info"">
                <div class=""media-header"">
                    <div class=""media-caption"">
                        <h2><a href=""http://grzy.cug.edu.cn/wumingkui"">吴明魁</a></h2>
                        <span class=""tags""><a>副教授</a>, <a>硕士生导师</a></span>
                    </div>
                </div>
            </div>
        </div>
    </div>
    <div class=""col-lg-3 col-md-4 col-sm-6 mix 测绘科学与技术"" data-dateorder=""3"" data-nameorder=""1"">
        <div class=""media-item"" style=""opacity: 1;"">
            <div class=""media-image"">
                <img alt="""" src=""/__local/F/D9/3B/E7F836E73289A63DAD4FE5EF5D3_48E9E084_9CF29.png"">
            </div>
            <div class=""media-info"">
                <div class=""media-header"">
                    <div class=""media-caption"">
                        <h2><a href=""http://grzy.cug.edu.cn/linweihua"">林伟华</a></h2>
                        <span class=""tags""><a>副教授</a>, <a>硕士生导师</a></span>
                    </div>
                </div>
            </div>
        </div>
    </div>
    <div class=""col-lg-3 col-md-4 col-sm-6 mix 测绘科学与技术"" data-dateorder=""3"" data-nameorder=""1"">
        <div class=""media-item"" style=""opacity: 1;"">
            <div class=""media-image"">
                <img alt="""" src=""/__local/9/0A/5D/4445FF8742C9E306330AE0E29F9_E9665CB5_2FA7E.png"">
            </div>
            <div class=""media-info"">
                <div class=""media-header"">
                    <div class=""media-caption"">
                        <h2><a href=""http://grzy.cug.edu.cn/zhaihan"">翟晗</a></h2>
                        <span class=""tags""><a>副教授</a>, <a>硕士生导师</a></span>
                    </div>
                </div>
            </div>
        </div>
    </div>
    <div class=""col-lg-3 col-md-4 col-sm-6 mix 软件工程"" data-dateorder=""3"" data-nameorder=""1"">
        <div class=""media-item"" style=""opacity: 1;"">
            <div class=""media-image"">
                <img alt="""" src=""/__local/B/9D/6A/71C20623EF32279076FAFF28EEE_94B88A00_61022.png"">
            </div>
            <div class=""media-info"">
                <div class=""media-header"">
                    <div class=""media-caption"">
                        <h2><a href=""http://grzy.cug.edu.cn/xiangxiuqiao"">向秀桥</a></h2>
                        <span class=""tags""><a>副教授</a>, <a>硕士生导师</a></span>
                    </div>
                </div>
            </div>
        </div>
    </div>
    <div class=""col-lg-3 col-md-4 col-sm-6 mix 地理学"" data-dateorder=""3"" data-nameorder=""1"">
        <div class=""media-item"" style=""opacity: 1;"">
            <div class=""media-image"">
                <img alt="""" src=""/__local/8/A4/EC/B660D13557290FFD9D7AE4523EB_CE6621FA_266D2.jpg"">
            </div>
            <div class=""media-info"">
                <div class=""media-header"">
                    <div class=""media-caption"">
                        <h2><a href=""http://grzy.cug.edu.cn/LiHui/zh_CN/index/20563/list/index.htm"">李辉</a></h2>
                        <span class=""tags""><a>副教授</a>, <a>硕士生导师</a></span>
                    </div>
                </div>
            </div>
        </div>
    </div>
    <div class=""col-lg-3 col-md-4 col-sm-6 mix 测绘科学与技术"" data-dateorder=""3"" data-nameorder=""1"">
        <div class=""media-item"" style=""opacity: 1;"">
            <div class=""media-image"">
                <img alt="""" src=""/__local/8/3B/75/21A30979E0D1BD63EBC4899DF12_D8D01A48_10FB1.jpg"">
            </div>
            <div class=""media-info"">
                <div class=""media-header"">
                    <div class=""media-caption"">
                        <h2><a href=""http://grzy.cug.edu.cn/zsc/zh_CN/index.htm"">张绍成</a></h2>
                        <span class=""tags""><a>副教授</a>, <a>硕士生导师</a></span>
                    </div>
                </div>
            </div>
        </div>
    </div>
    <div class=""col-lg-3 col-md-4 col-sm-6 mix 测绘科学与技术"" data-dateorder=""3"" data-nameorder=""1"">
        <div class=""media-item"" style=""opacity: 1;"">
            <div class=""media-image"">
                <img alt="""" src=""/__local/8/AB/D4/6AE4D13D497659DBFB2DA65C34B_95BFCEBA_583D0.jpg"">
            </div>
            <div class=""media-info"">
                <div class=""media-header"">
                    <div class=""media-caption"">
                        <h2><a href=""https://daoqiqi.github.io/"">陈奇</a></h2>
                        <span class=""tags""><a>副教授</a>, <a>硕士生导师</a></span>
                    </div>
                </div>
            </div>
        </div>
    </div>
    <div class=""col-lg-3 col-md-4 col-sm-6 mix 测绘科学与技术"" data-dateorder=""3"" data-nameorder=""1"">
        <div class=""media-item"" style=""opacity: 1;"">
            <div class=""media-image"">
                <img alt="""" src=""/__local/F/D9/03/7883EF18437F6BBE80486554F97_0D70C580_6E6D0.png"">
            </div>
            <div class=""media-info"">
                <div class=""media-header"">
                    <div class=""media-caption"">
                        <h2><a href=""http://grzy.cug.edu.cn/xuyongyang/zh_CN/index.htm"">徐永洋</a></h2>
                        <span class=""tags""><a>副教授</a>, <a>硕士生导师</a></span>
                    </div>
                </div>
            </div>
        </div>
    </div>
    <div class=""col-lg-3 col-md-4 col-sm-6 mix 测绘科学与技术"" data-dateorder=""3"" data-nameorder=""1"">
        <div class=""media-item"" style=""opacity: 1;"">
            <div class=""media-image"">
                <img alt="""" src=""/__local/0/12/46/99A5BBBEED564F95C8C8FC49D38_B1336613_1CD2B.png"">
            </div>
            <div class=""media-info"">
                <div class=""media-header"">
                    <div class=""media-caption"">
                        <h2><a href=""http://grzy.cug.edu.cn/zhangfayong/zh_CN/index.htm"">张发勇</a></h2>
                        <span class=""tags""><a>副教授</a>, <a>硕士生导师</a></span>
                    </div>
                </div>
            </div>
        </div>
    </div>
    <div class=""col-lg-3 col-md-4 col-sm-6 mix 测绘科学与技术"" data-dateorder=""3"" data-nameorder=""1"">
        <div class=""media-item"" style=""opacity: 1;"">
            <div class=""media-image"">
                <img alt="""" src=""/__local/A/D3/BA/465CDBD3FA85F268BD02CB66507_90C199F7_8C62E.png"">
            </div>
            <div class=""media-info"">
                <div class=""media-header"">
                    <div class=""media-caption"">
                        <h2><a href=""http://grzy.cug.edu.cn/wangrun"">王润</a></h2>
                        <span class=""tags""><a>讲师</a>, <a>硕士生导师</a></span>
                    </div>
                </div>
            </div>
        </div>
    </div>
    <div class=""col-lg-3 col-md-4 col-sm-6 mix 测绘科学与技术"" data-dateorder=""3"" data-nameorder=""1"">
        <div class=""media-item"" style=""opacity: 1;"">
            <div class=""media-image"">
                <img alt="""" src=""/__local/2/B2/0F/33F231E57929863F6C670204A48_97E0FB82_10524.jpg"">
            </div>
            <div class=""media-info"">
                <div class=""media-header"">
                    <div class=""media-caption"">
                        <h2><a href=""http://grzy.cug.edu.cn/xukai1/zh_CN/index.htm"">许凯</a></h2>
                        <span class=""tags""><a>讲师</a>, <a>硕士生导师</a></span>
                    </div>
                </div>
            </div>
        </div>
    </div>
    <div class=""col-lg-3 col-md-4 col-sm-6 mix 测绘科学与技术"" data-dateorder=""3"" data-nameorder=""1"">
        <div class=""media-item"" style=""opacity: 1;"">
            <div class=""media-image"">
                <img alt="""" src=""/__local/3/12/FE/FD95EB9607DE31203DB0D99E712_3B363211_1D001.jpg"">
            </div>
            <div class=""media-info"">
                <div class=""media-header"">
                    <div class=""media-caption"">
                        <h2><a href=""http://grzy.cug.edu.cn/dingkaihua"">丁开华</a></h2>
                        <span class=""tags""><a>副教授</a>, <a>硕士生导师</a></span>
                    </div>
                </div>
            </div>
        </div>
    </div>
    <div class=""col-lg-3 col-md-4 col-sm-6 mix 软件工程"" data-dateorder=""3"" data-nameorder=""1"">
        <div class=""media-item"" style=""opacity: 1;"">
            <div class=""media-image"">
                <img alt="""" src=""/__local/3/DD/FB/99DE424E90732119835AB48682A_DE22D249_2BCD7.png"">
            </div>
            <div class=""media-info"">
                <div class=""media-header"">
                    <div class=""media-caption"">
                        <h2><a href=""http://grzy.cug.edu.cn/yanglin/zh_CN/index.htm"">杨林</a></h2>
                        <span class=""tags""><a>副教授</a>, <a>硕士生导师</a></span>
                    </div>
                </div>
            </div>
        </div>
    </div>
    <div class=""col-lg-3 col-md-4 col-sm-6 mix 测绘科学与技术"" data-dateorder=""3"" data-nameorder=""1"">
        <div class=""media-item"" style=""opacity: 1;"">
            <div class=""media-image"">
                <img alt="""" src=""/__local/B/D3/4B/02CE446F77279E0A83954D51991_8B39B147_3167D.png"">
            </div>
            <div class=""media-info"">
                <div class=""media-header"">
                    <div class=""media-caption"">
                        <h2><a href=""http://grzy.cug.edu.cn/huaweihua/zh_CN/index.htm"">花卫华</a></h2>
                        <span class=""tags""><a>副教授</a>, <a>硕士生导师</a></span>
                    </div>
                </div>
            </div>
        </div>
    </div>
    <div class=""col-lg-3 col-md-4 col-sm-6 mix 软件工程"" data-dateorder=""3"" data-nameorder=""1"">
        <div class=""media-item"" style=""opacity: 1;"">
            <div class=""media-image"">
                <img alt="""" src=""/__local/0/01/7C/4FF41E255B63C8869A98CCD31A4_3AD0C23C_32931.png"">
            </div>
            <div class=""media-info"">
                <div class=""media-header"">
                    <div class=""media-caption"">
                        <h2><a href=""http://grzy.cug.edu.cn/lwan"">万林</a></h2>
                        <span class=""tags""><a>讲师</a>, <a>硕士生导师</a></span>
                    </div>
                </div>
            </div>
        </div>
    </div>
    <div class=""col-lg-3 col-md-4 col-sm-6 mix 测绘科学与技术"" data-dateorder=""3"" data-nameorder=""1"">
        <div class=""media-item"" style=""opacity: 1;"">
            <div class=""media-image"">
                <img alt="""" src=""/__local/F/ED/DF/424375DD50D11E7AE874522AFD0_6368A665_13CF2.jpg"">
            </div>
            <div class=""media-info"">
                <div class=""media-header"">
                    <div class=""media-caption"">
                        <h2><a href=""http://grzy.cug.edu.cn/zhengkun/zh_CN/index.htm"">郑坤</a></h2>
                        <span class=""tags""><a>副教授</a>, <a>博士生导师</a></span>
                    </div>
                </div>
            </div>
        </div>
    </div>
    <div class=""col-lg-3 col-md-4 col-sm-6 mix 测绘科学与技术"" data-dateorder=""3"" data-nameorder=""1"">
        <div class=""media-item"" style=""opacity: 1;"">
            <div class=""media-image"">
                <img alt="""" src=""/__local/6/93/E9/DAAB30ABA4AE75A186557A33DDF_48B4A89A_554B5.png"">
            </div>
            <div class=""media-info"">
                <div class=""media-header"">
                    <div class=""media-caption"">
                        <h2><a href=""http://grzy.cug.edu.cn/liufujiang/zh_CN/index.htm"">刘福江</a></h2>
                        <span class=""tags""><a>副教授</a>, <a>硕士生导师</a></span>
                    </div>
                </div>
            </div>
        </div>
    </div>
    <div class=""col-lg-3 col-md-4 col-sm-6 mix 软件工程"" data-dateorder=""3"" data-nameorder=""1"">
        <div class=""media-item"" style=""opacity: 1;"">
            <div class=""media-image"">
                <img alt="""" src=""/__local/5/71/37/504D2A04B9FC608FC84F4CF93AA_A3FEE2B7_274DA.jpg"">
            </div>
            <div class=""media-info"">
                <div class=""media-header"">
                    <div class=""media-caption"">
                        <h2><a href=""http://grzy.cug.edu.cn/yanglinquan"">杨林权</a></h2>
                        <span class=""tags""><a>副教授</a>, <a>硕士生导师</a></span>
                    </div>
                </div>
            </div>
        </div>
    </div>
    <div class=""col-lg-3 col-md-4 col-sm-6 mix 测绘科学与技术"" data-dateorder=""3"" data-nameorder=""1"">
        <div class=""media-item"" style=""opacity: 1;"">
            <div class=""media-image"">
                <img alt="""" src=""/__local/4/4D/20/4AA031AB2E7D6E6168C5FC27C5A_638BC1F7_20D76.jpg"">
            </div>
            <div class=""media-info"">
                <div class=""media-header"">
                    <div class=""media-caption"">
                        <h2><a href=""http://grzy.cug.edu.cn/yuelinwei"">岳林蔚</a></h2>
                        <span class=""tags""><a>副教授</a>, <a>硕士生导师</a></span>
                    </div>
                </div>
            </div>
        </div>
    </div>
    <div class=""col-lg-3 col-md-4 col-sm-6 mix 测绘科学与技术"" data-dateorder=""3"" data-nameorder=""1"">
        <div class=""media-item"" style=""opacity: 1;"">
            <div class=""media-image"">
                <img alt="""" src=""/__local/5/73/D1/A153DD1B9C939451F68A9D23983_65A4BF86_361BF.png"">
            </div>
            <div class=""media-info"">
                <div class=""media-header"">
                    <div class=""media-caption"">
                        <h2><a href=""http://grzy.cug.edu.cn/yangchao/zh_CN/index.htm"">杨超</a></h2>
                        <span class=""tags""><a>副研究员</a>, <a>硕士生导师</a></span>
                    </div>
                </div>
            </div>
        </div>
    </div>
    <div class=""col-lg-3 col-md-4 col-sm-6 mix 测绘科学与技术"" data-dateorder=""3"" data-nameorder=""1"">
        <div class=""media-item"" style=""opacity: 1;"">
            <div class=""media-image"">
                <img alt="""" src=""/__local/D/01/58/495D43140DA3ED7B36C15DB1351_2BD52018_139A9.jpg"">
            </div>
            <div class=""media-info"">
                <div class=""media-header"">
                    <div class=""media-caption"">
                        <h2><a href=""http://grzy.cug.edu.cn/xushiwu/zh_CN/index.htm"">徐世武</a></h2>
                        <span class=""tags""><a>副教授</a>, <a>硕士生导师</a></span>
                    </div>
                </div>
            </div>
        </div>
    </div>
    <div class=""col-lg-3 col-md-4 col-sm-6 mix 测绘科学与技术"" data-dateorder=""3"" data-nameorder=""1"">
        <div class=""media-item"" style=""opacity: 1;"">
            <div class=""media-image"">
                <img alt="""" src=""/__local/D/F4/93/69563920426F1792A0F2AF13691_F879101F_498C5.jpg"">
            </div>
            <div class=""media-info"">
                <div class=""media-header"">
                    <div class=""media-caption"">
                        <h2><a href=""http://grzy.cug.edu.cn/yangjian1/zh_CN/index.htm"">杨健</a></h2>
                        <span class=""tags""><a>副教授</a>, <a>硕士生导师</a></span>
                    </div>
                </div>
            </div>
        </div>
    </div>
    <div class=""col-lg-3 col-md-4 col-sm-6 mix 软件工程"" data-dateorder=""3"" data-nameorder=""1"">
        <div class=""media-item"" style=""opacity: 1;"">
            <div class=""media-image"">
                <img alt="""" src=""/__local/4/29/FF/5EC549C8A8DB812437EB9C2BBFC_FB648A6F_AAC7D.png"">
            </div>
            <div class=""media-info"">
                <div class=""media-header"">
                    <div class=""media-caption"">
                        <h2><a href=""http://grzy.cug.edu.cn/zhangjianbo"">张剑波</a></h2>
                        <span class=""tags""><a>副教授</a>, <a>硕士生导师</a></span>
                    </div>
                </div>
            </div>
        </div>
    </div>
    <div class=""col-lg-3 col-md-4 col-sm-6 mix 软件工程"" data-dateorder=""3"" data-nameorder=""1"">
        <div class=""media-item"" style=""opacity: 1;"">
            <div class=""media-image"">
                <img alt="""" src=""/__local/A/0E/EF/6F1E14370BA5713A77C34FBC28D_CACE6C52_E400.jpg"">
            </div>
            <div class=""media-info"">
                <div class=""media-header"">
                    <div class=""media-caption"">
                        <h2><a href=""http://grzy.cug.edu.cn/yeyaqin"">叶亚琴</a></h2>
                        <span class=""tags""><a>副教授</a>, <a>硕士生导师</a></span>
                    </div>
                </div>
            </div>
        </div>
    </div>
    <div class=""col-lg-3 col-md-4 col-sm-6 mix 软件工程"" data-dateorder=""3"" data-nameorder=""1"">
        <div class=""media-item"" style=""opacity: 1;"">
            <div class=""media-image"">
                <img alt="""" src=""/__local/1/35/9E/95F07917D6AD65332A2064048AA_A3FB6DED_57B1.jpg"">
            </div>
            <div class=""media-info"">
                <div class=""media-header"">
                    <div class=""media-caption"">
                        <h2><a href=""http://grzy.cug.edu.cn/yaoshihong"">姚世红</a></h2>
                        <span class=""tags""><a>副教授</a>, <a>硕士生导师</a></span>
                    </div>
                </div>
            </div>
        </div>
    </div>
    <div class=""col-lg-3 col-md-4 col-sm-6 mix 测绘科学与技术"" data-dateorder=""3"" data-nameorder=""1"">
        <div class=""media-item"" style=""opacity: 1;"">
            <div class=""media-image"">
                <img alt="""" src=""/__local/2/5B/ED/304D325D019B592C43C1BA0ABFB_E201805D_58C99.jpg"">
            </div>
            <div class=""media-info"">
                <div class=""media-header"">
                    <div class=""media-caption"">
                        <h2><a href=""http://grzy.cug.edu.cn/dulin/zh_CN/index.htm"">杜霖</a></h2>
                        <span class=""tags""><a>副教授</a>, <a>硕士生导师</a></span>
                    </div>
                </div>
            </div>
        </div>
    </div>
    <div class=""col-lg-3 col-md-4 col-sm-6 mix 软件工程"" data-dateorder=""3"" data-nameorder=""1"">
        <div class=""media-item"" style=""opacity: 1;"">
            <div class=""media-image"">
                <img alt="""" src=""/__local/4/59/1C/AF416F73A4ECBA15C9B4E696714_57987A86_F2D4E.png"">
            </div>
            <div class=""media-info"">
                <div class=""media-header"">
                    <div class=""media-caption"">
                        <h2><a href=""http://grzy.cug.edu.cn/lishengwen"">李圣文</a></h2>
                        <span class=""tags""><a>副教授</a>, <a>硕士生导师</a></span>
                    </div>
                </div>
            </div>
        </div>
    </div>
    <div class=""col-lg-3 col-md-4 col-sm-6 mix 软件工程"" data-dateorder=""3"" data-nameorder=""1"">
        <div class=""media-item"" style=""opacity: 1;"">
            <div class=""media-image"">
                <img alt="""" src=""/__local/8/02/E6/568921BE011A6074D18F9CB1F2C_298D67F3_6B881.jpg"">
            </div>
            <div class=""media-info"">
                <div class=""media-header"">
                    <div class=""media-caption"">
                        <h2><a href=""http://grzy.cug.edu.cn/jiangbaode"">江宝得</a></h2>
                        <span class=""tags""><a>助理研究员</a>, <a>硕士生导师</a></span>
                    </div>
                </div>
            </div>
        </div>
    </div>
    <div class=""col-lg-3 col-md-4 col-sm-6 mix 测绘科学与技术"" data-dateorder=""3"" data-nameorder=""1"">
        <div class=""media-item"" style=""opacity: 1;"">
            <div class=""media-image"">
                <img alt="""" src=""/__local/3/1C/5A/425C24F2860EF9F626452462765_22647048_3895F.jpg"">
            </div>
            <div class=""media-info"">
                <div class=""media-header"">
                    <div class=""media-caption"">
                        <h2><a href=""http://grzy.cug.edu.cn/hezhanjun/zh_CN/index/20636/list/index.htm"">何占军</a></h2>
                        <span class=""tags""><a>副教授</a>, <a>硕士生导师</a></span>
                    </div>
                </div>
            </div>
        </div>
    </div>
    <div class=""col-lg-3 col-md-4 col-sm-6 mix 测绘科学与技术"" data-dateorder=""3"" data-nameorder=""1"">
        <div class=""media-item"" style=""opacity: 1;"">
            <div class=""media-image"">
                <img alt="""" src=""/__local/1/7C/B1/FDCE72A9EB76AB7EA9E3CE7CCFE_7F72AFF1_2B983.jpg"">
            </div>
            <div class=""media-info"">
                <div class=""media-header"">
                    <div class=""media-caption"">
                        <h2><a href=""http://grzy.cug.edu.cn/zhuqiqi"">朱祺琪</a></h2>
                        <span class=""tags""><a>副教授</a>, <a>硕士生导师</a></span>
                    </div>
                </div>
            </div>
        </div>
    </div>
    <div class=""col-lg-3 col-md-4 col-sm-6 mix 地理学"" data-dateorder=""3"" data-nameorder=""1"">
        <div class=""media-item"" style=""opacity: 1;"">
            <div class=""media-image"">
                <img alt="""" src=""/__local/E/1C/4A/E644891BDB95620C7016628AD15_E675E13B_157EC.jpg"">
            </div>
            <div class=""media-info"">
                <div class=""media-header"">
                    <div class=""media-caption"">
                        <h2><a href=""http://grzy.cug.edu.cn/tanwenmin/zh_CN/index.htm"">覃文敏</a></h2>
                        <span class=""tags""><a>副教授</a>, <a>硕士生导师</a></span>
                    </div>
                </div>
            </div>
        </div>
    </div>
    <div class=""col-lg-3 col-md-4 col-sm-6 mix 地理学"" data-dateorder=""3"" data-nameorder=""1"">
        <div class=""media-item"" style=""opacity: 1;"">
            <div class=""media-image"">
                <img alt="""" src=""/__local/C/14/BB/3D77435225103D2B53ED2491930_67746353_5D4E3.jpg"">
            </div>
            <div class=""media-info"">
                <div class=""media-header"">
                    <div class=""media-caption"">
                        <h2><a href=""http://grzy.cug.edu.cn/zm"">张明</a></h2>
                        <span class=""tags""><a>副教授</a>, <a>硕士生导师</a></span>
                    </div>
                </div>
            </div>
        </div>
    </div>
    <div class=""col-lg-3 col-md-4 col-sm-6 mix 地理学"" data-dateorder=""3"" data-nameorder=""1"">
        <div class=""media-item"" style=""opacity: 1;"">
            <div class=""media-image"">
                <img alt="""" src=""/__local/7/5A/87/F57615172EC7EE0BDDD4AE277DD_4791302B_C827.jpg"">
            </div>
            <div class=""media-info"">
                <div class=""media-header"">
                    <div class=""media-caption"">
                        <h2><a href=""http://grzy.cug.edu.cn/zhanglihua"">张利华</a></h2>
                        <span class=""tags""><a>副教授</a>, <a>硕士生导师</a></span>
                    </div>
                </div>
            </div>
        </div>
    </div>
    <div class=""col-lg-3 col-md-4 col-sm-6 mix 测绘科学与技术"" data-dateorder=""3"" data-nameorder=""1"">
        <div class=""media-item"" style=""opacity: 1;"">
            <div class=""media-image"">
                <img alt="""" src=""/__local/7/AB/0C/0D83B92008D47A0453BED48ED0E_FF0822EA_41F5B.jpg"">
            </div>
            <div class=""media-info"">
                <div class=""media-header"">
                    <div class=""media-caption"">
                        <h2><a href=""http://grzy.cug.edu.cn/yangnai"">杨乃</a></h2>
                        <span class=""tags""><a>副教授</a>, <a>硕士生导师</a></span>
                    </div>
                </div>
            </div>
        </div>
    </div>
    <div class=""col-lg-3 col-md-4 col-sm-6 mix 地理学"" data-dateorder=""3"" data-nameorder=""1"">
        <div class=""media-item"" style=""opacity: 1;"">
            <div class=""media-image"">
                <img alt="""" src=""/__local/1/2A/28/A3BFD1D042911C57C8BE060EDF0_101A8964_1431E.jpg"">
            </div>
            <div class=""media-info"">
                <div class=""media-header"">
                    <div class=""media-caption"">
                        <h2><a href=""http://grzy.cug.edu.cn/yangpeng"">杨鹏</a></h2>
                        <span class=""tags""><a>副教授</a>, <a>硕士生导师</a></span>
                    </div>
                </div>
            </div>
        </div>
    </div>
    <div class=""col-lg-3 col-md-4 col-sm-6 mix 地理学"" data-dateorder=""3"" data-nameorder=""1"">
        <div class=""media-item"" style=""opacity: 1;"">
            <div class=""media-image"">
                <img alt="""" src=""/__local/4/9F/61/3F0FBD60D3554AEF9E32B4A9518_BF05B02D_141D4.jpg"">
            </div>
            <div class=""media-info"">
                <div class=""media-header"">
                    <div class=""media-caption"">
                        <h2><a href=""http://grzy.cug.edu.cn/xiaoguoqiao"">肖国桥</a></h2>
                        <span class=""tags""><a>副教授</a>, <a>硕士生导师</a></span>
                    </div>
                </div>
            </div>
        </div>
    </div>
    <div class=""col-lg-3 col-md-4 col-sm-6 mix 地理学"" data-dateorder=""3"" data-nameorder=""1"">
        <div class=""media-item"" style=""opacity: 1;"">
            <div class=""media-image"">
                <img alt="""" src=""/__local/1/71/3D/C4163DBE12E386228E6DA01AB6A_6C0B1C1D_26AAE.jpg"">
            </div>
            <div class=""media-info"">
                <div class=""media-header"">
                    <div class=""media-caption"">
                        <h2><a href=""http://grzy.cug.edu.cn/wenyanping"">温彦平</a></h2>
                        <span class=""tags""><a>副教授</a>, <a>硕士生导师</a></span>
                    </div>
                </div>
            </div>
        </div>
    </div>
    <div class=""col-lg-3 col-md-4 col-sm-6 mix 地理学"" data-dateorder=""3"" data-nameorder=""1"">
        <div class=""media-item"" style=""opacity: 1;"">
            <div class=""media-image"">
                <img alt="""" src=""/__local/4/55/FA/21AE578BB2E4F97B0C2045FE6A7_6315D50A_3B917.jpg"">
            </div>
            <div class=""media-info"">
                <div class=""media-header"">
                    <div class=""media-caption"">
                        <h2><a href=""http://grzy.cug.edu.cn/wangyonggui"">王永桂</a></h2>
                        <span class=""tags""><a>副教授</a>, <a>硕士生导师</a></span>
                    </div>
                </div>
            </div>
        </div>
    </div>
    <div class=""col-lg-3 col-md-4 col-sm-6 mix 地理学"" data-dateorder=""3"" data-nameorder=""1"">
        <div class=""media-item"" style=""opacity: 1;"">
            <div class=""media-image"">
                <img alt="""" src=""/__local/3/F6/F9/D3D3B697464718AD129C32ADE63_06B8E9DE_50E6.jpg"">
            </div>
            <div class=""media-info"">
                <div class=""media-header"">
                    <div class=""media-caption"">
                        <h2><a href=""http://grzy.cug.edu.cn/qinyangmin"">秦养民</a></h2>
                        <span class=""tags""><a>副教授</a>, <a>硕士生导师</a></span>
                    </div>
                </div>
            </div>
        </div>
    </div>
    <div class=""col-lg-3 col-md-4 col-sm-6 mix 地理学"" data-dateorder=""3"" data-nameorder=""1"">
        <div class=""media-item"" style=""opacity: 1;"">
            <div class=""media-image"">
                <img alt="""" src=""/__local/B/B8/B2/30DF9BF01894356258AC27D4375_7B920510_13548.jpg"">
            </div>
            <div class=""media-info"">
                <div class=""media-header"">
                    <div class=""media-caption"">
                        <h2><a href=""http://grzy.cug.edu.cn/liujianyu"">刘剑宇</a></h2>
                        <span class=""tags""><a>副教授</a>, <a>硕士生导师</a></span>
                    </div>
                </div>
            </div>
        </div>
    </div>
    <div class=""col-lg-3 col-md-4 col-sm-6 mix 地理学"" data-dateorder=""3"" data-nameorder=""1"">
        <div class=""media-item"" style=""opacity: 1;"">
            <div class=""media-image"">
                <img alt="""" src=""/__local/8/09/7A/36306DE1BFD3D16E4FD62A6DBB6_6FE24307_906E.jpg"">
            </div>
            <div class=""media-info"">
                <div class=""media-header"">
                    <div class=""media-caption"">
                        <h2><a href=""http://grzy.cug.edu.cn/liuchao1"">刘超</a></h2>
                        <span class=""tags""><a>副教授</a>, <a>硕士生导师</a></span>
                    </div>
                </div>
            </div>
        </div>
    </div>
    <div class=""col-lg-3 col-md-4 col-sm-6 mix 地理学"" data-dateorder=""3"" data-nameorder=""1"">
        <div class=""media-item"" style=""opacity: 1;"">
            <div class=""media-image"">
                <img alt="""" src=""/__local/A/8F/9C/F0D174CDA17CD6D255FB08286A6_87E90AF7_D07A.jpg"">
            </div>
            <div class=""media-info"">
                <div class=""media-header"">
                    <div class=""media-caption"">
                        <h2><a href=""http://grzy.cug.edu.cn/linxiao"">林晓</a></h2>
                        <span class=""tags""><a>讲师</a>, <a>硕士生导师</a></span>
                    </div>
                </div>
            </div>
        </div>
    </div>
    <div class=""col-lg-3 col-md-4 col-sm-6 mix 地理学"" data-dateorder=""3"" data-nameorder=""1"">
        <div class=""media-item"" style=""opacity: 1;"">
            <div class=""media-image"">
                <img alt="""" src=""/__local/7/FB/9C/7428566138F4117928B81983B2B_F1F47216_ED67.jpg"">
            </div>
            <div class=""media-info"">
                <div class=""media-header"">
                    <div class=""media-caption"">
                        <h2><a href=""http://grzy.cug.edu.cn/liangmeiyan"">梁美艳</a></h2>
                        <span class=""tags""><a>副教授</a>, <a>硕士生导师</a></span>
                    </div>
                </div>
            </div>
        </div>
    </div>
    <div class=""col-lg-3 col-md-4 col-sm-6 mix 地理学"" data-dateorder=""3"" data-nameorder=""1"">
        <div class=""media-item"" style=""opacity: 1;"">
            <div class=""media-image"">
                <img alt="""" src=""/__local/6/88/2F/9A2EC9C716827906F67CCB1AAB4_5CCF2D5C_43FCD.jpg"">
            </div>
            <div class=""media-info"">
                <div class=""media-header"">
                    <div class=""media-caption"">
                        <h2><a href=""http://grzy.cug.edu.cn/jijunliang"">季军良</a></h2>
                        <span class=""tags""><a>副教授</a>, <a>硕士生导师</a></span>
                    </div>
                </div>
            </div>
        </div>
    </div>
    <div class=""col-lg-3 col-md-4 col-sm-6 mix 测绘科学与技术"" data-dateorder=""3"" data-nameorder=""1"">
        <div class=""media-item"" style=""opacity: 1;"">
            <div class=""media-image"">
                <img alt="""" src=""/__local/7/7F/D9/3D74CF365DD5F4429104DCF8B54_61C8B758_877D1.png"">
            </div>
            <div class=""media-info"">
                <div class=""media-header"">
                    <div class=""media-caption"">
                        <h2><a href=""http://grzy.cug.edu.cn/weili/zh_CN/index.htm"">李玮</a></h2>
                        <span class=""tags""><a>讲师</a>, <a>硕士生导师</a></span>
                    </div>
                </div>
            </div>
        </div>
    </div>
    <div class=""col-lg-3 col-md-4 col-sm-6 mix 测绘科学与技术"" data-dateorder=""3"" data-nameorder=""1"">
        <div class=""media-item"" style=""opacity: 1;"">
            <div class=""media-image"">
                <img alt="""" src=""/__local/7/A3/D2/C31F020D7B44F28C5E2C0B4275A_36CB3003_27DD1.jpg"">
            </div>
            <div class=""media-info"">
                <div class=""media-header"">
                    <div class=""media-caption"">
                        <h2><a href=""http://grzy.cug.edu.cn/gxwang/zh_CN/index.htm"">王广兴</a></h2>
                        <span class=""tags""><a>讲师</a>, <a>硕士生导师</a></span>
                    </div>
                </div>
            </div>
        </div>
    </div>
    <div class=""col-lg-3 col-md-4 col-sm-6 mix 测绘科学与技术"" data-dateorder=""3"" data-nameorder=""1"">
        <div class=""media-item"" style=""opacity: 1;"">
            <div class=""media-image"">
                <img alt="""" src=""/__local/5/7F/C0/2BA43308E564E643C76B33ADBC3_0B3FC614_E697.jpg"">
            </div>
            <div class=""media-info"">
                <div class=""media-header"">
                    <div class=""media-caption"">
                        <h2><a href=""http://grzy.cug.edu.cn/zhushuang"">朱双</a></h2>
                        <span class=""tags""><a>研究员</a>, <a>硕士生导师</a></span>
                    </div>
                </div>
            </div>
        </div>
    </div>
    <div class=""col-lg-3 col-md-4 col-sm-6 mix 测绘科学与技术"" data-dateorder=""3"" data-nameorder=""1"">
        <div class=""media-item"" style=""opacity: 1;"">
            <div class=""media-image"">
                <img alt="""" src=""/__local/D/74/C9/34A4EDFB4C9D25B8189D86949C0_C585EB53_8F3C3.jpg"">
            </div>
            <div class=""media-info"">
                <div class=""media-header"">
                    <div class=""media-caption"">
                        <h2><a href=""http://grzy.cug.edu.cn/zhouchao"">周超</a></h2>
                        <span class=""tags""><a>副教授</a>, <a>硕士生导师</a></span>
                    </div>
                </div>
            </div>
        </div>
    </div>
    <div class=""col-lg-3 col-md-4 col-sm-6 mix 测绘科学与技术"" data-dateorder=""3"" data-nameorder=""1"">
        <div class=""media-item"" style=""opacity: 1;"">
            <div class=""media-image"">
                <img alt="""" src=""/__local/5/71/5F/33304436C2D2A0B2BFB51FF7D1B_BE4B1A94_38410.jpg"">
            </div>
            <div class=""media-info"">
                <div class=""media-header"">
                    <div class=""media-caption"">
                        <h2><a href=""http://grzy.cug.edu.cn/zhangzhengjia"">张正加</a></h2>
                        <span class=""tags""><a>讲师</a>, <a>硕士生导师</a></span>
                    </div>
                </div>
            </div>
        </div>
    </div>
    <div class=""col-lg-3 col-md-4 col-sm-6 mix 测绘科学与技术"" data-dateorder=""3"" data-nameorder=""1"">
        <div class=""media-item"" style=""opacity: 1;"">
            <div class=""media-image"">
                <img alt="""" src=""/__local/A/79/BD/7781FA804C3F46ED521C756F4E0_367513F6_180B9.jpg"">
            </div>
            <div class=""media-info"">
                <div class=""media-header"">
                    <div class=""media-caption"">
                        <h2><a href=""http://grzy.cug.edu.cn/yueyingchun"">岳迎春</a></h2>
                        <span class=""tags""><a>副教授</a>, <a>硕士生导师</a></span>
                    </div>
                </div>
            </div>
        </div>
    </div>
    <div class=""col-lg-3 col-md-4 col-sm-6 mix 测绘科学与技术"" data-dateorder=""3"" data-nameorder=""1"">
        <div class=""media-item"" style=""opacity: 1;"">
            <div class=""media-image"">
                <img alt="""" src=""/__local/2/9C/3A/5CCFE5C5307BEAEDF9958080D05_D02F5F32_4EE70.jpg"">
            </div>
            <div class=""media-info"">
                <div class=""media-header"">
                    <div class=""media-caption"">
                        <h2><a href=""http://grzy.cug.edu.cn/wangmengmeng"">王猛猛</a></h2>
                        <span class=""tags""><a>副研究员</a>, <a>硕士生导师</a></span>
                    </div>
                </div>
            </div>
        </div>
    </div>
    <div class=""col-lg-3 col-md-4 col-sm-6 mix 测绘科学与技术"" data-dateorder=""3"" data-nameorder=""1"">
        <div class=""media-item"" style=""opacity: 1;"">
            <div class=""media-image"">
                <img alt="""" src=""/__local/0/F5/D5/E737FBED328F05CE230E7A3F855_8B631323_9598.jpg"">
            </div>
            <div class=""media-info"">
                <div class=""media-header"">
                    <div class=""media-caption"">
                        <h2><a href=""http://grzy.cug.edu.cn/songyan"">宋妍</a></h2>
                        <span class=""tags""><a>副教授</a>, <a>硕士生导师</a></span>
                    </div>
                </div>
            </div>
        </div>
    </div>
    <div class=""col-lg-3 col-md-4 col-sm-6 mix 测绘科学与技术"" data-dateorder=""3"" data-nameorder=""1"">
        <div class=""media-item"" style=""opacity: 1;"">
            <div class=""media-image"">
                <img alt="""" src=""/__local/A/28/B1/57C8C6129DFE083778B4C2F8BB5_269BC10F_D7D74.png"">
            </div>
            <div class=""media-info"">
                <div class=""media-header"">
                    <div class=""media-caption"">
                        <h2><a href=""http://grzy.cug.edu.cn/guomingqiang"">郭明强</a></h2>
                        <span class=""tags""><a>副教授</a>, <a>硕士生导师</a></span>
                    </div>
                </div>
            </div>
        </div>
    </div>
    <div class=""col-lg-3 col-md-4 col-sm-6 mix 测绘科学与技术"" data-dateorder=""3"" data-nameorder=""1"">
        <div class=""media-item"" style=""opacity: 1;"">
            <div class=""media-image"">
                <img alt="""" src=""/__local/9/AB/24/5942C42CC3428710102E9AF75A2_0BCF9397_6FB11.png"">
            </div>
            <div class=""media-info"">
                <div class=""media-header"">
                    <div class=""media-caption"">
                        <h2><a href=""http://grzy.cug.edu.cn/tianyugang"">田玉刚</a></h2>
                        <span class=""tags""><a>副教授</a>, <a>硕士生导师</a></span>
                    </div>
                </div>
            </div>
        </div>
    </div>
    <div class=""col-lg-3 col-md-4 col-sm-6 mix 测绘科学与技术"" data-dateorder=""3"" data-nameorder=""1"">
        <div class=""media-item"" style=""opacity: 1;"">
            <div class=""media-image"">
                <img alt="""" src=""/__local/E/95/C6/D208FBEB5BF330B733079EC8273_10BBF1E8_6B29A.jpg"">
            </div>
            <div class=""media-info"">
                <div class=""media-header"">
                    <div class=""media-caption"">
                        <h2><a href=""http://grzy.cug.edu.cn/shixuguo"">史绪国</a></h2>
                        <span class=""tags""><a>副教授</a>, <a>硕士生导师</a></span>
                    </div>
                </div>
            </div>
        </div>
    </div>
    <div class=""col-lg-3 col-md-4 col-sm-6 mix 测绘科学与技术"" data-dateorder=""3"" data-nameorder=""1"">
        <div class=""media-item"" style=""opacity: 1;"">
            <div class=""media-image"">
                <img alt="""" src=""/__local/4/B1/EC/5FB7C4982296950EDCEF1E15BE8_69612D30_775CF.jpg"">
            </div>
            <div class=""media-info"">
                <div class=""media-header"">
                    <div class=""media-caption"">
                        <h2><a href=""http://grzy.cug.edu.cn/shenyonglin"">沈永林</a></h2>
                        <span class=""tags""><a>副教授</a>, <a>硕士生导师</a></span>
                    </div>
                </div>
            </div>
        </div>
    </div>
    <div class=""col-lg-3 col-md-4 col-sm-6 mix 软件工程"" data-dateorder=""3"" data-nameorder=""1"">
        <div class=""media-item"" style=""opacity: 1;"">
            <div class=""media-image"">
                <img alt="""" src=""/__local/8/9F/B7/EB389BAF4CB90867FC55B93D103_3F104F4C_FD2D.jpg"">
            </div>
            <div class=""media-info"">
                <div class=""media-header"">
                    <div class=""media-caption"">
                        <h2><a href=""http://grzy.cug.edu.cn/liuyuanyuan/zh_CN/index.htm"">刘袁缘</a></h2>
                        <span class=""tags""><a>副教授</a>, <a>硕士生导师</a></span>
                    </div>
                </div>
            </div>
        </div>
    </div>
    <div class=""col-lg-3 col-md-4 col-sm-6 mix 测绘科学与技术"" data-dateorder=""3"" data-nameorder=""1"">
        <div class=""media-item"" style=""opacity: 1;"">
            <div class=""media-image"">
                <img alt="""" src=""/__local/0/72/AF/78EF0ABE771E1BE0CB5550151C8_D8D0470A_1D504.jpg"">
            </div>
            <div class=""media-info"">
                <div class=""media-header"">
                    <div class=""media-caption"">
                        <h2><a href=""http://grzy.cug.edu.cn/qikunlun"">祁昆仑</a></h2>
                        <span class=""tags""><a>副教授</a>, <a>硕士生导师</a></span>
                    </div>
                </div>
            </div>
        </div>
    </div>
    <div class=""col-lg-3 col-md-4 col-sm-6 mix 地理学"" data-dateorder=""3"" data-nameorder=""1"">
        <div class=""media-item"" style=""opacity: 1;"">
            <div class=""media-image"">
                <img alt="""" src=""/__local/C/A3/2C/632FDC90162AE4FA7BB252EAC64_337C78ED_22AF5.jpg"">
            </div>
            <div class=""media-info"">
                <div class=""media-header"">
                    <div class=""media-caption"">
                        <h2><a href=""http://grzy.cug.edu.cn/wangke/zh_CN/index.htm"">王珂</a></h2>
                        <span class=""tags""><a>副教授</a>, <a>硕士生导师</a></span>
                    </div>
                </div>
            </div>
        </div>
    </div>
    <div class=""col-lg-3 col-md-4 col-sm-6 mix 测绘科学与技术"" data-dateorder=""3"" data-nameorder=""1"">
        <div class=""media-item"" style=""opacity: 1;"">
            <div class=""media-image"">
                <img alt="""" src=""/__local/4/B3/2D/FF353B8E853437E05D33FEC050A_7D462731_35222.jpg"">
            </div>
            <div class=""media-info"">
                <div class=""media-header"">
                    <div class=""media-caption"">
                        <h2><a href=""http://grzy.cug.edu.cn/dongyuting"">董宇婷</a></h2>
                        <span class=""tags""><a>副教授</a>, <a>硕士生导师</a></span>
                    </div>
                </div>
            </div>
        </div>
    </div>
    <div class=""col-lg-3 col-md-4 col-sm-6 mix 软件工程"" data-dateorder=""3"" data-nameorder=""1"">
        <div class=""media-item"" style=""opacity: 1;"">
            <div class=""media-image"">
                <img alt="""" src=""/__local/4/2E/8D/717653D83E012361483B7965B55_C0D27678_BF98.jpg"">
            </div>
            <div class=""media-info"">
                <div class=""media-header"">
                    <div class=""media-caption"">
                        <h2><a href=""http://grzy.cug.edu.cn/fangfang/zh_CN/index.htm"">方芳</a></h2>
                        <span class=""tags""><a>副教授</a>, <a>硕士生导师</a></span>
                    </div>
                </div>
            </div>
        </div>
    </div>
    <div class=""col-lg-3 col-md-4 col-sm-6 mix 测绘科学与技术"" data-dateorder=""3"" data-nameorder=""1"">
        <div class=""media-item"" style=""opacity: 1;"">
            <div class=""media-image"">
                <img alt="""" src=""/__local/3/BC/C3/0064FAF738B96FF5B632FD0BB44_9C5D5849_E606.jpg"">
            </div>
            <div class=""media-info"">
                <div class=""media-header"">
                    <div class=""media-caption"">
                        <h2><a href=""http://grzy.cug.edu.cn/chenyu"">陈于</a></h2>
                        <span class=""tags""><a>讲师</a>, <a>硕士生导师</a></span>
                    </div>
                </div>
            </div>
        </div>
    </div>
    <div class=""col-lg-3 col-md-4 col-sm-6 mix 测绘科学与技术"" data-dateorder=""3"" data-nameorder=""1"">
        <div class=""media-item"" style=""opacity: 1;"">
            <div class=""media-image"">
                <img alt="""" src=""/__local/E/5D/0F/24416AC78DB46EB9DE399442E2D_5A45AA30_231A6.jpg"">
            </div>
            <div class=""media-info"">
                <div class=""media-header"">
                    <div class=""media-caption"">
                        <h2><a href=""http://grzy.cug.edu.cn/chenqihao"">陈启浩</a></h2>
                        <span class=""tags""><a>副教授</a>, <a>硕士生导师</a></span>
                    </div>
                </div>
            </div>
        </div>
    </div>
    <div class=""col-lg-3 col-md-4 col-sm-6 mix 测绘科学与技术"" data-dateorder=""3"" data-nameorder=""1"">
        <div class=""media-item"" style=""opacity: 1;"">
            <div class=""media-image"">
                <img alt="""" src=""/__local/8/7D/84/9A4C030D0C87E4EFBA2D3255A9A_B9631CED_4D89D.jpg"">
            </div>
            <div class=""media-info"">
                <div class=""media-header"">
                    <div class=""media-caption"">
                        <h2><a href=""http://grzy.cug.edu.cn/yaoyao/zh_CN/index.htm"">姚尧</a></h2>
                        <span class=""tags""><a>副教授</a>, <a>硕士生导师</a></span>
                    </div>
                </div>
            </div>
        </div>
    </div>
    <div class=""col-lg-3 col-md-4 col-sm-6 mix 测绘科学与技术"" data-dateorder=""3"" data-nameorder=""1"">
        <div class=""media-item"" style=""opacity: 1;"">
            <div class=""media-image"">
                <img alt="""" src=""/__local/3/04/25/FF7D3232C882E86A458D4E89C5A_FDE6484C_2EE9C.jpg"">
            </div>
            <div class=""media-info"">
                <div class=""media-header"">
                    <div class=""media-caption"">
                        <h2><a href=""http://grzy.cug.edu.cn/XieQinghua/zh_CN/index.htm"">解清华</a></h2>
                        <span class=""tags""><a>副教授</a>, <a>硕士生导师</a></span>
                    </div>
                </div>
            </div>
        </div>
    </div>
    <div class=""col-lg-3 col-md-4 col-sm-6 mix 软件工程"" data-dateorder=""3"" data-nameorder=""1"">
        <div class=""media-item"" style=""opacity: 1;"">
            <div class=""media-image"">
                <img alt="""" src=""/__local/F/ED/49/2F0954FCB62609C6D6A2E580F84_BCD71F47_1EA1C.jpg"">
            </div>
            <div class=""media-info"">
                <div class=""media-header"">
                    <div class=""media-caption"">
                        <h2><a href=""http://grzy.cug.edu.cn/zhaoyishi/zh_CN/index.htm"">赵一石</a></h2>
                        <span class=""tags""><a>讲师</a>, <a>硕士生导师</a></span>
                    </div>
                </div>
            </div>
        </div>
    </div>
    <div class=""col-lg-3 col-md-4 col-sm-6 mix 测绘科学与技术"" data-dateorder=""3"" data-nameorder=""1"">
        <div class=""media-item"" style=""opacity: 1;"">
            <div class=""media-image"">
                <img alt="""" src=""/__local/7/52/BF/6A013B75FE4F5F41D6CF0C01784_38C67B98_90F7.jpg"">
            </div>
            <div class=""media-info"">
                <div class=""media-header"">
                    <div class=""media-caption"">
                        <h2><a href=""http://grzy.cug.edu.cn/zhang_wei/zh_CN/index.htm",张唯,liuxiuguo
